{"stats":{"minecraft:broken":{"minecraft:golden_hoe":1,"minecraft:golden_shovel":1},"minecraft:custom":{"minecraft:mob_kills":14,"minecraft:interact_with_crafting_table":20,"minecraft:leave_game":2,"minecraft:time_since_death":70300,"minecraft:sleep_in_bed":4,"minecraft:climb_one_cm":927,"minecraft:time_since_rest":5102,"minecraft:sprint_one_cm":225935,"minecraft:damage_taken":645,"minecraft:walk_one_cm":144105,"minecraft:drop":137,"minecraft:damage_dealt":2799,"minecraft:talked_to_villager":2,"minecraft:swim_one_cm":11366,"minecraft:fly_one_cm":316204,"minecraft:open_chest":26,"minecraft:crouch_one_cm":14672,"minecraft:play_time":70300,"minecraft:sneak_time":4726,"minecraft:walk_under_water_one_cm":1718,"minecraft:boat_one_cm":51254,"minecraft:jump":1383,"minecraft:walk_on_water_one_cm":25677,"minecraft:total_world_time":70300,"minecraft:fall_one_cm":39665},"minecraft:mined":{"minecraft:cut_sandstone":2,"minecraft:stone_pressure_plate":1,"minecraft:white_bed":1,"minecraft:jungle_leaves":2,"minecraft:orange_terracotta":2,"minecraft:mangrove_roots":3,"minecraft:crafting_table":6,"minecraft:grass_block":29,"minecraft:melon":2,"minecraft:jungle_planks":5,"minecraft:chest":1,"minecraft:jungle_log":8,"minecraft:dead_bush":4,"minecraft:mangrove_trapdoor":1,"minecraft:cobblestone":4,"minecraft:cyan_bed":3,"minecraft:sugar_cane":32,"minecraft:sandstone":101,"minecraft:hay_block":54,"minecraft:lime_bed":3,"minecraft:carrots":23,"minecraft:fire":14,"minecraft:chiseled_sandstone":2,"minecraft:mangrove_leaves":7,"minecraft:grass":1,"minecraft:sand":212,"minecraft:dirt":59,"minecraft:mangrove_log":27,"minecraft:bamboo":6,"minecraft:stone":34,"minecraft:white_wool":3,"minecraft:oak_leaves":4,"minecraft:green_bed":3,"minecraft:fern":1},"minecraft:picked_up":{"minecraft:lime_bed":3,"minecraft:crafting_table":6,"minecraft:wheat":4,"minecraft:jungle_boat":3,"minecraft:feather":1,"minecraft:chicken":1,"minecraft:jungle_log":8,"minecraft:cut_sandstone":2,"minecraft:leather":3,"minecraft:dirt":88,"minecraft:string":2,"minecraft:moss_carpet":1,"minecraft:orange_terracotta":2,"minecraft:iron_ingot":5,"minecraft:beef":5,"minecraft:bamboo":61,"minecraft:melon_slice":11,"minecraft:sugar_cane":70,"minecraft:chest":1,"minecraft:mangrove_log":27,"minecraft:stick":2,"minecraft:sandstone":101,"minecraft:green_bed":3,"minecraft:fire_charge":1,"minecraft:sand":206,"minecraft:jungle_planks":5,"minecraft:carrot":75,"minecraft:white_bed":1,"minecraft:cyan_bed":3,"minecraft:chiseled_sandstone":2,"minecraft:spider_eye":1,"minecraft:mangrove_trapdoor":1,"minecraft:stone_pressure_plate":1,"minecraft:arrow":1,"minecraft:hay_block":80,"minecraft:mangrove_roots":3,"minecraft:bread":40,"minecraft:mutton":7,"minecraft:white_wool":7,"minecraft:cobblestone":37},"minecraft:used":{"minecraft:water_bucket":4,"minecraft:iron_shovel":214,"minecraft:stone_pickaxe":119,"minecraft:chest":1,"minecraft:wooden_pickaxe":34,"minecraft:sandstone":39,"minecraft:cut_sandstone":2,"minecraft:composter":2,"minecraft:green_bed":3,"minecraft:stone_hoe":110,"minecraft:jungle_boat":3,"minecraft:sand":108,"minecraft:white_wool":4,"minecraft:mangrove_trapdoor":4,"minecraft:mutton":7,"minecraft:golden_hoe":32,"minecraft:dirt":88,"minecraft:lime_bed":3,"minecraft:crafting_table":9,"minecraft:carrot":80,"minecraft:jungle_planks":7,"minecraft:white_bed":2,"minecraft:golden_shovel":32,"minecraft:obsidian":1,"minecraft:dark_oak_planks":15,"minecraft:wooden_axe":10,"minecraft:chiseled_sandstone":2,"minecraft:iron_axe":47,"minecraft:bread":12,"minecraft:cyan_bed":3,"minecraft:melon_slice":11,"minecraft:bamboo":15,"minecraft:stone_axe":43,"minecraft:fire_charge":1,"minecraft:cobblestone":28,"minecraft:beef":5,"minecraft:bucket":4,"minecraft:bone_meal":87,"minecraft:potato":5,"minecraft:orange_terracotta":1},"minecraft:killed":{"minecraft:spider":1,"minecraft:iron_golem":1,"minecraft:sheep":4,"minecraft:skeleton":1,"minecraft:pillager":2,"minecraft:zombie":1,"minecraft:chicken":1,"minecraft:cow":3},"minecraft:crafted":{"minecraft:crafting_table":4,"minecraft:jungle_boat":2,"minecraft:wooden_pickaxe":1,"minecraft:mangrove_trapdoor":4,"minecraft:bone_meal":87,"minecraft:mangrove_planks":108,"minecraft:bucket":1,"minecraft:stone_axe":1,"minecraft:bread":143,"minecraft:jungle_planks":32,"minecraft:shield":1,"minecraft:iron_axe":1,"minecraft:stick":24,"minecraft:iron_ingot":4,"minecraft:stone_pickaxe":1,"minecraft:wooden_axe":1,"minecraft:iron_shovel":1,"minecraft:white_bed":1,"minecraft:composter":2,"minecraft:dark_oak_planks":28,"minecraft:stone_hoe":1,"minecraft:mangrove_slab":18,"minecraft:wheat":482},"minecraft:dropped":{"minecraft:bread":179,"minecraft:chicken":1,"minecraft:feather":1,"minecraft:wooden_axe":1,"minecraft:stone_pressure_plate":1,"minecraft:spider_eye":1,"minecraft:arrow":1,"minecraft:wooden_pickaxe":1,"minecraft:string":2}},"DataVersion":3463}