{"stats":{"minecraft:used":{"minecraft:oak_leaves":5,"minecraft:mace":1},"minecraft:dropped":{"minecraft:mace":1},"minecraft:killed":{"minecraft:turtle":1},"minecraft:custom":{"minecraft:jump":17,"minecraft:time_since_rest":24453,"minecraft:damage_dealt":300,"minecraft:crouch_one_cm":370,"minecraft:leave_game":2,"minecraft:sprint_one_cm":881,"minecraft:play_time":24453,"minecraft:time_since_death":24453,"minecraft:walk_on_water_one_cm":335,"minecraft:walk_one_cm":6953,"minecraft:sneak_time":215,"minecraft:total_world_time":24453,"minecraft:mob_kills":1,"minecraft:drop":1,"minecraft:fly_one_cm":79890}},"DataVersion":3953}