{"stats":{"minecraft:broken":{"minecraft:golden_hoe":1,"minecraft:golden_shovel":1,"minecraft:stone_pickaxe":1},"minecraft:custom":{"minecraft:mob_kills":19,"minecraft:interact_with_crafting_table":31,"minecraft:leave_game":3,"minecraft:time_since_death":96533,"minecraft:climb_one_cm":927,"minecraft:sprint_one_cm":316243,"minecraft:walk_one_cm":194616,"minecraft:damage_blocked_by_shield":300,"minecraft:drop":149,"minecraft:talked_to_villager":2,"minecraft:play_time":96533,"minecraft:sneak_time":5685,"minecraft:walk_under_water_one_cm":2539,"minecraft:boat_one_cm":51254,"minecraft:jump":1945,"minecraft:walk_on_water_one_cm":39725,"minecraft:total_world_time":96533,"minecraft:interact_with_furnace":1,"minecraft:sleep_in_bed":6,"minecraft:time_since_rest":9665,"minecraft:damage_taken":950,"minecraft:damage_dealt":3943,"minecraft:swim_one_cm":20250,"minecraft:fly_one_cm":410595,"minecraft:open_chest":40,"minecraft:crouch_one_cm":17954,"minecraft:fall_one_cm":58698},"minecraft:mined":{"minecraft:stone_pressure_plate":1,"minecraft:white_bed":1,"minecraft:jungle_leaves":2,"minecraft:mangrove_roots":3,"minecraft:grass_block":29,"minecraft:jungle_planks":5,"minecraft:jungle_log":8,"minecraft:mangrove_trapdoor":2,"minecraft:sandstone":113,"minecraft:hay_block":54,"minecraft:carrots":23,"minecraft:iron_ore":8,"minecraft:fire":14,"minecraft:chiseled_sandstone":2,"minecraft:bell":1,"minecraft:pointed_dripstone":6,"minecraft:bamboo":6,"minecraft:stone":67,"minecraft:white_wool":3,"minecraft:green_bed":3,"minecraft:cut_sandstone":2,"minecraft:orange_terracotta":2,"minecraft:crafting_table":8,"minecraft:melon":2,"minecraft:chest":2,"minecraft:dead_bush":4,"minecraft:cobblestone":5,"minecraft:cyan_bed":3,"minecraft:sugar_cane":32,"minecraft:wall_torch":1,"minecraft:lime_bed":3,"minecraft:mangrove_planks":1,"minecraft:mangrove_leaves":7,"minecraft:mangrove_slab":1,"minecraft:grass":1,"minecraft:coal_ore":24,"minecraft:dirt":59,"minecraft:sand":356,"minecraft:mangrove_log":27,"minecraft:oak_leaves":4,"minecraft:fern":1},"minecraft:picked_up":{"minecraft:crafting_table":8,"minecraft:wheat":4,"minecraft:chicken":1,"minecraft:string":3,"minecraft:moss_carpet":1,"minecraft:beef":5,"minecraft:chest":2,"minecraft:melon_slice":11,"minecraft:sugar_cane":70,"minecraft:mangrove_log":27,"minecraft:raw_iron":8,"minecraft:stick":2,"minecraft:sandstone":113,"minecraft:torch":1,"minecraft:green_bed":3,"minecraft:fire_charge":1,"minecraft:pointed_dripstone":14,"minecraft:carrot":76,"minecraft:mangrove_trapdoor":2,"minecraft:stone_pressure_plate":1,"minecraft:arrow":6,"minecraft:hay_block":80,"minecraft:mangrove_roots":3,"minecraft:mutton":7,"minecraft:cobblestone":78,"minecraft:white_wool":7,"minecraft:lime_bed":3,"minecraft:feather":1,"minecraft:jungle_boat":3,"minecraft:jungle_log":8,"minecraft:leather":3,"minecraft:cut_sandstone":2,"minecraft:flint":1,"minecraft:gunpowder":2,"minecraft:mangrove_slab":1,"minecraft:dirt":88,"minecraft:orange_terracotta":2,"minecraft:bone":3,"minecraft:bell":1,"minecraft:iron_ingot":5,"minecraft:bamboo":61,"minecraft:mangrove_planks":1,"minecraft:gravel":1,"minecraft:jungle_planks":5,"minecraft:sand":345,"minecraft:white_bed":1,"minecraft:cyan_bed":3,"minecraft:chiseled_sandstone":2,"minecraft:spider_eye":1,"minecraft:bread":42,"minecraft:coal":24},"minecraft:used":{"minecraft:iron_shovel":236,"minecraft:stone_shovel":94,"minecraft:chest":3,"minecraft:shield":9,"minecraft:stone_hoe":110,"minecraft:torch":4,"minecraft:dirt":88,"minecraft:mutton":7,"minecraft:jungle_planks":7,"minecraft:carrot":80,"minecraft:golden_shovel":32,"minecraft:obsidian":1,"minecraft:wooden_axe":10,"minecraft:dark_oak_planks":15,"minecraft:iron_axe":65,"minecraft:bamboo":15,"minecraft:beef":5,"minecraft:furnace":1,"minecraft:mangrove_slab":2,"minecraft:potato":5,"minecraft:orange_terracotta":1,"minecraft:water_bucket":26,"minecraft:stone_pickaxe":179,"minecraft:mangrove_planks":1,"minecraft:wooden_pickaxe":59,"minecraft:sandstone":79,"minecraft:cut_sandstone":2,"minecraft:composter":2,"minecraft:green_bed":3,"minecraft:sugar_cane":45,"minecraft:jungle_boat":3,"minecraft:white_wool":4,"minecraft:golden_hoe":32,"minecraft:sand":178,"minecraft:mangrove_trapdoor":6,"minecraft:crafting_table":11,"minecraft:lime_bed":3,"minecraft:white_bed":2,"minecraft:chiseled_sandstone":2,"minecraft:melon_slice":11,"minecraft:cyan_bed":3,"minecraft:bread":21,"minecraft:stone_axe":43,"minecraft:fire_charge":1,"minecraft:cobblestone":29,"minecraft:bucket":27,"minecraft:bone_meal":87},"minecraft:killed":{"minecraft:spider":2,"minecraft:skeleton":4,"minecraft:chicken":1,"minecraft:iron_golem":1,"minecraft:sheep":4,"minecraft:pillager":2,"minecraft:zombie":1,"minecraft:villager":1,"minecraft:cow":3},"minecraft:crafted":{"minecraft:stone_shovel":1,"minecraft:furnace":1,"minecraft:bone_meal":87,"minecraft:iron_axe":1,"minecraft:stone_pickaxe":2,"minecraft:chest":1,"minecraft:dark_oak_planks":28,"minecraft:stone_hoe":1,"minecraft:wheat":482,"minecraft:crafting_table":5,"minecraft:jungle_boat":2,"minecraft:wooden_pickaxe":2,"minecraft:mangrove_trapdoor":4,"minecraft:mangrove_planks":108,"minecraft:bucket":1,"minecraft:stone_axe":1,"minecraft:bread":166,"minecraft:jungle_planks":32,"minecraft:shield":1,"minecraft:stick":32,"minecraft:iron_ingot":4,"minecraft:wooden_axe":1,"minecraft:iron_shovel":2,"minecraft:white_bed":1,"minecraft:composter":2,"minecraft:torch":24,"minecraft:mangrove_slab":18},"minecraft:dropped":{"minecraft:bread":192,"minecraft:feather":1,"minecraft:wooden_axe":1,"minecraft:string":2,"minecraft:chicken":1,"minecraft:stone_pressure_plate":1,"minecraft:spider_eye":1,"minecraft:arrow":1,"minecraft:wooden_pickaxe":1}},"DataVersion":3463}