{"stats":{"minecraft:broken":{"minecraft:golden_hoe":1,"minecraft:golden_shovel":1,"minecraft:stone_pickaxe":1},"minecraft:custom":{"minecraft:mob_kills":29,"minecraft:interact_with_crafting_table":36,"minecraft:leave_game":3,"minecraft:time_since_death":11256,"minecraft:climb_one_cm":1133,"minecraft:sprint_one_cm":413022,"minecraft:walk_one_cm":231000,"minecraft:damage_blocked_by_shield":650,"minecraft:drop":150,"minecraft:talked_to_villager":2,"minecraft:play_time":120533,"minecraft:deaths":1,"minecraft:sneak_time":7954,"minecraft:walk_under_water_one_cm":8639,"minecraft:boat_one_cm":51254,"minecraft:jump":2538,"minecraft:walk_on_water_one_cm":42806,"minecraft:total_world_time":120533,"minecraft:interact_with_furnace":8,"minecraft:sleep_in_bed":7,"minecraft:time_since_rest":11114,"minecraft:damage_taken":1347,"minecraft:damage_dealt":5644,"minecraft:swim_one_cm":20250,"minecraft:fly_one_cm":657304,"minecraft:open_chest":41,"minecraft:crouch_one_cm":22286,"minecraft:fall_one_cm":75820},"minecraft:mined":{"minecraft:stone_pressure_plate":1,"minecraft:white_bed":1,"minecraft:jungle_leaves":2,"minecraft:mangrove_roots":3,"minecraft:grass_block":29,"minecraft:jungle_planks":5,"minecraft:jungle_log":8,"minecraft:mangrove_trapdoor":2,"minecraft:sandstone":113,"minecraft:hay_block":54,"minecraft:carrots":23,"minecraft:iron_ore":102,"minecraft:fire":14,"minecraft:chiseled_sandstone":2,"minecraft:andesite":2,"minecraft:bell":1,"minecraft:pointed_dripstone":6,"minecraft:deepslate_iron_ore":12,"minecraft:bamboo":6,"minecraft:stone":86,"minecraft:white_wool":3,"minecraft:green_bed":3,"minecraft:cut_sandstone":2,"minecraft:orange_terracotta":2,"minecraft:crafting_table":9,"minecraft:melon":2,"minecraft:chest":2,"minecraft:dead_bush":4,"minecraft:copper_ore":4,"minecraft:cobblestone":5,"minecraft:lapis_ore":8,"minecraft:cyan_bed":3,"minecraft:sugar_cane":32,"minecraft:wall_torch":2,"minecraft:lime_bed":3,"minecraft:mangrove_planks":2,"minecraft:mangrove_leaves":7,"minecraft:mangrove_slab":1,"minecraft:grass":1,"minecraft:coal_ore":52,"minecraft:dirt":59,"minecraft:sand":361,"minecraft:mangrove_log":27,"minecraft:gold_ore":14,"minecraft:oak_leaves":4,"minecraft:fern":1},"minecraft:picked_up":{"minecraft:crafting_table":9,"minecraft:wheat":4,"minecraft:chicken":1,"minecraft:shield":1,"minecraft:raw_copper":23,"minecraft:string":3,"minecraft:iron_axe":1,"minecraft:moss_carpet":1,"minecraft:iron_shovel":1,"minecraft:beef":5,"minecraft:chest":2,"minecraft:melon_slice":11,"minecraft:sugar_cane":70,"minecraft:mangrove_log":27,"minecraft:raw_iron":118,"minecraft:stick":8,"minecraft:sandstone":147,"minecraft:torch":5,"minecraft:green_bed":3,"minecraft:fire_charge":1,"minecraft:pointed_dripstone":14,"minecraft:carrot":76,"minecraft:mangrove_trapdoor":2,"minecraft:stone_pressure_plate":1,"minecraft:arrow":12,"minecraft:stone_shovel":1,"minecraft:rotten_flesh":3,"minecraft:hay_block":80,"minecraft:mangrove_roots":3,"minecraft:mutton":7,"minecraft:cobblestone":141,"minecraft:white_wool":7,"minecraft:lime_bed":3,"minecraft:cooked_beef":64,"minecraft:feather":1,"minecraft:jungle_boat":4,"minecraft:andesite":2,"minecraft:jungle_log":8,"minecraft:leather":6,"minecraft:cut_sandstone":2,"minecraft:flint":1,"minecraft:gunpowder":8,"minecraft:lapis_lazuli":73,"minecraft:mangrove_slab":1,"minecraft:dirt":88,"minecraft:orange_terracotta":2,"minecraft:bone":17,"minecraft:raw_gold":14,"minecraft:bell":2,"minecraft:iron_ingot":5,"minecraft:stone_pickaxe":1,"minecraft:bamboo":61,"minecraft:mangrove_planks":2,"minecraft:gravel":1,"minecraft:jungle_planks":5,"minecraft:sand":361,"minecraft:white_bed":1,"minecraft:cyan_bed":3,"minecraft:chiseled_sandstone":2,"minecraft:spider_eye":1,"minecraft:granite":18,"minecraft:bread":42,"minecraft:coal":52},"minecraft:killed_by":{"minecraft:skeleton":1},"minecraft:used":{"minecraft:iron_shovel":245,"minecraft:stone_shovel":94,"minecraft:chest":3,"minecraft:shield":19,"minecraft:stone_hoe":110,"minecraft:rotten_flesh":3,"minecraft:torch":59,"minecraft:dirt":88,"minecraft:mutton":7,"minecraft:jungle_planks":7,"minecraft:carrot":80,"minecraft:golden_shovel":32,"minecraft:granite":9,"minecraft:obsidian":1,"minecraft:wooden_axe":10,"minecraft:dark_oak_planks":15,"minecraft:iron_axe":85,"minecraft:bamboo":15,"minecraft:beef":5,"minecraft:furnace":2,"minecraft:mangrove_slab":2,"minecraft:potato":5,"minecraft:orange_terracotta":1,"minecraft:water_bucket":26,"minecraft:stone_pickaxe":246,"minecraft:mangrove_planks":3,"minecraft:wooden_pickaxe":59,"minecraft:sandstone":79,"minecraft:cut_sandstone":2,"minecraft:composter":2,"minecraft:green_bed":3,"minecraft:sugar_cane":45,"minecraft:jungle_boat":3,"minecraft:white_wool":4,"minecraft:golden_hoe":32,"minecraft:sand":202,"minecraft:mangrove_trapdoor":6,"minecraft:crafting_table":12,"minecraft:lime_bed":3,"minecraft:white_bed":2,"minecraft:chiseled_sandstone":2,"minecraft:melon_slice":11,"minecraft:cyan_bed":3,"minecraft:bread":24,"minecraft:iron_pickaxe":114,"minecraft:stone_axe":43,"minecraft:fire_charge":1,"minecraft:cobblestone":36,"minecraft:bucket":27,"minecraft:bone_meal":87},"minecraft:killed":{"minecraft:spider":2,"minecraft:skeleton":10,"minecraft:chicken":1,"minecraft:iron_golem":1,"minecraft:creeper":2,"minecraft:sheep":4,"minecraft:pillager":2,"minecraft:zombie":3,"minecraft:villager":1,"minecraft:cow":3},"minecraft:crafted":{"minecraft:stone_shovel":1,"minecraft:furnace":2,"minecraft:bone_meal":87,"minecraft:iron_boots":2,"minecraft:iron_axe":1,"minecraft:stone_pickaxe":2,"minecraft:chest":1,"minecraft:dark_oak_planks":28,"minecraft:stone_hoe":1,"minecraft:wheat":482,"minecraft:crafting_table":5,"minecraft:jungle_boat":2,"minecraft:wooden_pickaxe":2,"minecraft:mangrove_trapdoor":4,"minecraft:mangrove_planks":108,"minecraft:bucket":1,"minecraft:stone_axe":1,"minecraft:bread":166,"minecraft:air":0,"minecraft:jungle_planks":32,"minecraft:iron_chestplate":1,"minecraft:shield":1,"minecraft:stick":32,"minecraft:iron_ingot":30,"minecraft:iron_pickaxe":1,"minecraft:wooden_axe":1,"minecraft:iron_shovel":2,"minecraft:iron_leggings":1,"minecraft:white_bed":1,"minecraft:composter":2,"minecraft:torch":24,"minecraft:mangrove_slab":18},"minecraft:dropped":{"minecraft:bread":192,"minecraft:cooked_beef":64,"minecraft:feather":1,"minecraft:wooden_axe":1,"minecraft:string":2,"minecraft:chicken":1,"minecraft:stone_pressure_plate":1,"minecraft:spider_eye":1,"minecraft:arrow":1,"minecraft:wooden_pickaxe":1}},"DataVersion":3463}