{"stats":{"minecraft:broken":{"minecraft:golden_hoe":1,"minecraft:golden_shovel":1,"minecraft:stone_pickaxe":1},"minecraft:custom":{"minecraft:mob_kills":16,"minecraft:interact_with_crafting_table":26,"minecraft:leave_game":3,"minecraft:time_since_death":84533,"minecraft:climb_one_cm":927,"minecraft:sprint_one_cm":276110,"minecraft:walk_one_cm":177057,"minecraft:damage_blocked_by_shield":75,"minecraft:drop":149,"minecraft:talked_to_villager":2,"minecraft:play_time":84533,"minecraft:sneak_time":4877,"minecraft:walk_under_water_one_cm":1977,"minecraft:boat_one_cm":51254,"minecraft:jump":1616,"minecraft:walk_on_water_one_cm":36002,"minecraft:total_world_time":84533,"minecraft:sleep_in_bed":5,"minecraft:time_since_rest":8100,"minecraft:damage_taken":755,"minecraft:damage_dealt":3188,"minecraft:swim_one_cm":11587,"minecraft:fly_one_cm":360500,"minecraft:open_chest":34,"minecraft:crouch_one_cm":15335,"minecraft:fall_one_cm":47227},"minecraft:mined":{"minecraft:stone_pressure_plate":1,"minecraft:white_bed":1,"minecraft:jungle_leaves":2,"minecraft:mangrove_roots":3,"minecraft:grass_block":29,"minecraft:jungle_planks":5,"minecraft:jungle_log":8,"minecraft:mangrove_trapdoor":2,"minecraft:sandstone":113,"minecraft:hay_block":54,"minecraft:carrots":23,"minecraft:fire":14,"minecraft:chiseled_sandstone":2,"minecraft:bamboo":6,"minecraft:stone":34,"minecraft:white_wool":3,"minecraft:green_bed":3,"minecraft:cut_sandstone":2,"minecraft:orange_terracotta":2,"minecraft:crafting_table":7,"minecraft:melon":2,"minecraft:chest":1,"minecraft:dead_bush":4,"minecraft:cobblestone":4,"minecraft:cyan_bed":3,"minecraft:sugar_cane":32,"minecraft:lime_bed":3,"minecraft:mangrove_leaves":7,"minecraft:mangrove_slab":1,"minecraft:grass":1,"minecraft:dirt":59,"minecraft:sand":352,"minecraft:mangrove_log":27,"minecraft:oak_leaves":4,"minecraft:fern":1},"minecraft:picked_up":{"minecraft:crafting_table":7,"minecraft:wheat":4,"minecraft:chicken":1,"minecraft:string":2,"minecraft:moss_carpet":1,"minecraft:beef":5,"minecraft:chest":1,"minecraft:melon_slice":11,"minecraft:sugar_cane":70,"minecraft:mangrove_log":27,"minecraft:stick":2,"minecraft:sandstone":113,"minecraft:green_bed":3,"minecraft:fire_charge":1,"minecraft:carrot":76,"minecraft:mangrove_trapdoor":2,"minecraft:stone_pressure_plate":1,"minecraft:arrow":3,"minecraft:hay_block":80,"minecraft:mangrove_roots":3,"minecraft:mutton":7,"minecraft:cobblestone":41,"minecraft:white_wool":7,"minecraft:lime_bed":3,"minecraft:feather":1,"minecraft:jungle_boat":3,"minecraft:jungle_log":8,"minecraft:leather":3,"minecraft:cut_sandstone":2,"minecraft:flint":1,"minecraft:mangrove_slab":1,"minecraft:dirt":88,"minecraft:orange_terracotta":2,"minecraft:bone":1,"minecraft:iron_ingot":5,"minecraft:bamboo":61,"minecraft:gravel":1,"minecraft:jungle_planks":5,"minecraft:sand":345,"minecraft:white_bed":1,"minecraft:cyan_bed":3,"minecraft:chiseled_sandstone":2,"minecraft:spider_eye":1,"minecraft:bread":42},"minecraft:used":{"minecraft:iron_shovel":236,"minecraft:stone_shovel":94,"minecraft:chest":1,"minecraft:shield":2,"minecraft:stone_hoe":110,"minecraft:dirt":88,"minecraft:mutton":7,"minecraft:jungle_planks":7,"minecraft:carrot":80,"minecraft:golden_shovel":32,"minecraft:obsidian":1,"minecraft:wooden_axe":10,"minecraft:dark_oak_planks":15,"minecraft:iron_axe":54,"minecraft:bamboo":15,"minecraft:beef":5,"minecraft:mangrove_slab":2,"minecraft:potato":5,"minecraft:orange_terracotta":1,"minecraft:water_bucket":26,"minecraft:stone_pickaxe":131,"minecraft:mangrove_planks":1,"minecraft:wooden_pickaxe":34,"minecraft:sandstone":70,"minecraft:cut_sandstone":2,"minecraft:composter":2,"minecraft:green_bed":3,"minecraft:sugar_cane":45,"minecraft:jungle_boat":3,"minecraft:white_wool":4,"minecraft:golden_hoe":32,"minecraft:sand":144,"minecraft:mangrove_trapdoor":6,"minecraft:crafting_table":10,"minecraft:lime_bed":3,"minecraft:white_bed":2,"minecraft:chiseled_sandstone":2,"minecraft:melon_slice":11,"minecraft:cyan_bed":3,"minecraft:bread":14,"minecraft:stone_axe":43,"minecraft:fire_charge":1,"minecraft:cobblestone":28,"minecraft:bucket":27,"minecraft:bone_meal":87},"minecraft:killed":{"minecraft:spider":1,"minecraft:skeleton":2,"minecraft:chicken":1,"minecraft:iron_golem":1,"minecraft:sheep":4,"minecraft:pillager":2,"minecraft:zombie":1,"minecraft:villager":1,"minecraft:cow":3},"minecraft:crafted":{"minecraft:stone_shovel":1,"minecraft:bone_meal":87,"minecraft:iron_axe":1,"minecraft:stone_pickaxe":1,"minecraft:dark_oak_planks":28,"minecraft:stone_hoe":1,"minecraft:wheat":482,"minecraft:crafting_table":4,"minecraft:jungle_boat":2,"minecraft:wooden_pickaxe":2,"minecraft:mangrove_trapdoor":4,"minecraft:mangrove_planks":108,"minecraft:bucket":1,"minecraft:stone_axe":1,"minecraft:bread":166,"minecraft:jungle_planks":32,"minecraft:shield":1,"minecraft:stick":28,"minecraft:iron_ingot":4,"minecraft:wooden_axe":1,"minecraft:iron_shovel":1,"minecraft:white_bed":1,"minecraft:composter":2,"minecraft:mangrove_slab":18},"minecraft:dropped":{"minecraft:bread":192,"minecraft:feather":1,"minecraft:wooden_axe":1,"minecraft:string":2,"minecraft:chicken":1,"minecraft:stone_pressure_plate":1,"minecraft:spider_eye":1,"minecraft:arrow":1,"minecraft:wooden_pickaxe":1}},"DataVersion":3463}