{"stats":{"minecraft:broken":{"minecraft:golden_hoe":1,"minecraft:golden_shovel":1,"minecraft:stone_pickaxe":1,"minecraft:iron_axe":1,"minecraft:iron_pickaxe":1},"minecraft:custom":{"minecraft:mob_kills":75,"minecraft:interact_with_crafting_table":47,"minecraft:bell_ring":28,"minecraft:leave_game":3,"minecraft:time_since_death":65256,"minecraft:climb_one_cm":1133,"minecraft:sprint_one_cm":613553,"minecraft:walk_one_cm":358271,"minecraft:damage_blocked_by_shield":1530,"minecraft:drop":293,"minecraft:talked_to_villager":5,"minecraft:play_time":174533,"minecraft:deaths":1,"minecraft:sneak_time":10723,"minecraft:walk_under_water_one_cm":12143,"minecraft:boat_one_cm":51254,"minecraft:jump":3684,"minecraft:walk_on_water_one_cm":45604,"minecraft:total_world_time":174533,"minecraft:interact_with_furnace":15,"minecraft:interact_with_cartography_table":1,"minecraft:sleep_in_bed":9,"minecraft:time_since_rest":7509,"minecraft:damage_taken":2343,"minecraft:damage_dealt":15260,"minecraft:swim_one_cm":20603,"minecraft:fly_one_cm":1116263,"minecraft:open_chest":73,"minecraft:crouch_one_cm":28205,"minecraft:fall_one_cm":101754},"minecraft:mined":{"minecraft:yellow_terracotta":5,"minecraft:diamond_ore":3,"minecraft:tuff":3,"minecraft:stone_pressure_plate":1,"minecraft:white_bed":2,"minecraft:deepslate_diamond_ore":10,"minecraft:jungle_leaves":2,"minecraft:mangrove_roots":3,"minecraft:acacia_log":1,"minecraft:grass_block":73,"minecraft:jungle_planks":5,"minecraft:jungle_log":8,"minecraft:mangrove_trapdoor":2,"minecraft:cartography_table":1,"minecraft:sandstone":125,"minecraft:hay_block":54,"minecraft:redstone_ore":4,"minecraft:furnace":2,"minecraft:carrots":23,"minecraft:iron_ore":165,"minecraft:fire":14,"minecraft:chiseled_sandstone":2,"minecraft:acacia_wood":1,"minecraft:andesite":3,"minecraft:deepslate_lapis_ore":4,"minecraft:bell":4,"minecraft:pointed_dripstone":6,"minecraft:dirt_path":18,"minecraft:deepslate_iron_ore":23,"minecraft:bamboo":6,"minecraft:stone":91,"minecraft:white_wool":3,"minecraft:orange_bed":11,"minecraft:green_bed":3,"minecraft:deepslate_redstone_ore":17,"minecraft:cut_sandstone":2,"minecraft:glass_pane":1,"minecraft:red_bed":2,"minecraft:orange_terracotta":2,"minecraft:crafting_table":14,"minecraft:torch":1,"minecraft:melon":15,"minecraft:chest":2,"minecraft:dead_bush":6,"minecraft:tall_grass":17,"minecraft:copper_ore":4,"minecraft:cobblestone":12,"minecraft:deepslate_gold_ore":6,"minecraft:lapis_ore":10,"minecraft:cyan_bed":3,"minecraft:grindstone":1,"minecraft:sugar_cane":79,"minecraft:wall_torch":4,"minecraft:lime_bed":3,"minecraft:wheat":1,"minecraft:mangrove_planks":2,"minecraft:mangrove_leaves":7,"minecraft:mangrove_slab":2,"minecraft:grass":112,"minecraft:coal_ore":54,"minecraft:dirt":103,"minecraft:sand":417,"minecraft:mangrove_log":27,"minecraft:gold_ore":14,"minecraft:deepslate":37,"minecraft:oak_leaves":4,"minecraft:fern":1},"minecraft:picked_up":{"minecraft:crafting_table":16,"minecraft:wheat":4,"minecraft:chicken":1,"minecraft:shield":1,"minecraft:red_bed":2,"minecraft:raw_copper":23,"minecraft:string":6,"minecraft:iron_axe":1,"minecraft:moss_carpet":1,"minecraft:iron_shovel":1,"minecraft:cartography_table":1,"minecraft:cobbled_deepslate":43,"minecraft:beef":6,"minecraft:poppy":1,"minecraft:chest":2,"minecraft:melon_slice":84,"minecraft:sugar_cane":146,"minecraft:mangrove_log":27,"minecraft:egg":1,"minecraft:furnace":2,"minecraft:raw_iron":255,"minecraft:stick":8,"minecraft:sandstone":159,"minecraft:acacia_log":1,"minecraft:torch":9,"minecraft:green_bed":3,"minecraft:fire_charge":1,"minecraft:pointed_dripstone":14,"minecraft:carrot":76,"minecraft:redstone":89,"minecraft:mangrove_trapdoor":2,"minecraft:stone_pressure_plate":1,"minecraft:orange_bed":11,"minecraft:arrow":27,"minecraft:stone_shovel":2,"minecraft:rotten_flesh":21,"minecraft:hay_block":80,"minecraft:yellow_terracotta":4,"minecraft:mangrove_roots":3,"minecraft:mutton":7,"minecraft:cobblestone":156,"minecraft:white_wool":7,"minecraft:lime_bed":3,"minecraft:cooked_beef":64,"minecraft:feather":1,"minecraft:jungle_boat":6,"minecraft:andesite":2,"minecraft:jungle_log":8,"minecraft:leather":8,"minecraft:cut_sandstone":2,"minecraft:acacia_wood":1,"minecraft:flint":1,"minecraft:tuff":4,"minecraft:gunpowder":10,"minecraft:lapis_lazuli":109,"minecraft:mangrove_slab":2,"minecraft:dirt":194,"minecraft:orange_terracotta":2,"minecraft:bone":28,"minecraft:wheat_seeds":10,"minecraft:grindstone":1,"minecraft:raw_gold":20,"minecraft:bell":5,"minecraft:iron_ingot":19,"minecraft:stone_pickaxe":1,"minecraft:bamboo":61,"minecraft:mangrove_planks":5,"minecraft:gravel":7,"minecraft:jungle_planks":5,"minecraft:sand":412,"minecraft:white_bed":2,"minecraft:cyan_bed":3,"minecraft:chiseled_sandstone":2,"minecraft:spider_eye":1,"minecraft:diamond":13,"minecraft:granite":18,"minecraft:bread":42,"minecraft:coal":94,"minecraft:ender_pearl":2},"minecraft:killed_by":{"minecraft:skeleton":1},"minecraft:used":{"minecraft:acacia_log":1,"minecraft:iron_shovel":440,"minecraft:stone_shovel":95,"minecraft:chest":9,"minecraft:shield":57,"minecraft:bell":3,"minecraft:stone_hoe":110,"minecraft:rotten_flesh":3,"minecraft:orange_bed":11,"minecraft:torch":62,"minecraft:dirt":99,"minecraft:mutton":7,"minecraft:jungle_planks":7,"minecraft:carrot":80,"minecraft:golden_shovel":32,"minecraft:tuff":2,"minecraft:granite":9,"minecraft:obsidian":1,"minecraft:wooden_axe":10,"minecraft:dark_oak_planks":15,"minecraft:iron_axe":198,"minecraft:bamboo":15,"minecraft:beef":5,"minecraft:furnace":4,"minecraft:mangrove_slab":3,"minecraft:egg":1,"minecraft:cooked_beef":13,"minecraft:potato":5,"minecraft:cobbled_deepslate":33,"minecraft:orange_terracotta":1,"minecraft:water_bucket":27,"minecraft:stone_pickaxe":246,"minecraft:mangrove_planks":6,"minecraft:wooden_pickaxe":59,"minecraft:sandstone":125,"minecraft:cut_sandstone":2,"minecraft:composter":2,"minecraft:green_bed":3,"minecraft:sugar_cane":82,"minecraft:jungle_boat":5,"minecraft:white_wool":4,"minecraft:golden_hoe":32,"minecraft:sand":211,"minecraft:mangrove_trapdoor":6,"minecraft:yellow_terracotta":4,"minecraft:red_bed":1,"minecraft:crafting_table":18,"minecraft:lime_bed":3,"minecraft:white_bed":3,"minecraft:chiseled_sandstone":2,"minecraft:melon_slice":11,"minecraft:cyan_bed":3,"minecraft:bread":27,"minecraft:iron_pickaxe":321,"minecraft:stone_axe":43,"minecraft:fire_charge":1,"minecraft:cobblestone":92,"minecraft:bucket":29,"minecraft:bone_meal":87},"minecraft:killed":{"minecraft:spider":7,"minecraft:skeleton":25,"minecraft:chicken":1,"minecraft:husk":1,"minecraft:iron_golem":3,"minecraft:creeper":2,"minecraft:sheep":4,"minecraft:pillager":2,"minecraft:zombie":21,"minecraft:villager":1,"minecraft:enderman":2,"minecraft:cow":4},"minecraft:crafted":{"minecraft:stone_shovel":1,"minecraft:furnace":2,"minecraft:bone_meal":87,"minecraft:iron_boots":2,"minecraft:iron_axe":2,"minecraft:stone_pickaxe":2,"minecraft:chest":7,"minecraft:dark_oak_planks":28,"minecraft:stone_hoe":1,"minecraft:wheat":482,"minecraft:crafting_table":5,"minecraft:jungle_boat":2,"minecraft:iron_helmet":1,"minecraft:wooden_pickaxe":2,"minecraft:mangrove_trapdoor":4,"minecraft:mangrove_planks":108,"minecraft:bucket":2,"minecraft:stone_axe":1,"minecraft:bread":166,"minecraft:air":0,"minecraft:jungle_planks":32,"minecraft:iron_chestplate":1,"minecraft:diamond_pickaxe":1,"minecraft:shield":1,"minecraft:stick":34,"minecraft:iron_ingot":46,"minecraft:iron_pickaxe":2,"minecraft:wooden_axe":1,"minecraft:iron_shovel":3,"minecraft:iron_leggings":1,"minecraft:white_bed":1,"minecraft:composter":2,"minecraft:torch":24,"minecraft:mangrove_slab":18},"minecraft:dropped":{"minecraft:bread":320,"minecraft:wheat_seeds":8,"minecraft:cooked_beef":64,"minecraft:crafting_table":2,"minecraft:feather":1,"minecraft:mangrove_planks":3,"minecraft:torch":2,"minecraft:wooden_axe":1,"minecraft:string":2,"minecraft:stone_shovel":1,"minecraft:chicken":1,"minecraft:andesite":2,"minecraft:stone_pressure_plate":1,"minecraft:spider_eye":1,"minecraft:arrow":1,"minecraft:wooden_pickaxe":1}},"DataVersion":3463}